order_id,CustomerID,ProductID,order_date,quantity,total_amount,status,shipping_state
ORD1001,1005,PROD-009,01-08-2026,2,79.98,Delivered,CA
ORD1002,1015,PROD-002,01-08-2026,1,15.5,Delivered,TX
ORD1003,1001,PROD-008,02-08-2026,5,124.75,Delivered,NY
ORD1004,1002,PROD-003,02-08-2026,1,299.99,Shipped,FL
ORD1005,1008,PROD-006,02-08-2026,3,45,Delivered,IL
ORD1006,1007,PROD-004,03-08-2026,1,12.99,Cancelled,OH
ORD1007,1025,PROD-009,03-08-2026,2,118,Delivered,PA
ORD1008,1006,PROD-002,04-08-2026,1,85,Delivered,GA
ORD1009,1022,PROD-001,04-08-2026,4,60,Shipped,NC
ORD1010,1025,PROD-005,04-08-2026,2,450,Delivered,MI
ORD1011,1015,PROD-004,05-08-2026,1,39.99,Delivered,VA
ORD1012,1020,PROD-010,05-08-2026,3,71.85,Processing,NJ
ORD1013,1021,PROD-007,05-08-2026,1,19.95,Delivered,AZ
ORD1014,1010,PROD-009,06-08-2026,2,109.98,Delivered,TX
ORD1015,1012,PROD-005,06-08-2026,1,135,Shipped,WA
,,,,,,,
,,,,,,,
,,,,,,,
,,,,,,,
,,,,,,,
,,,,,,,
,,,,,,,
,,,,,,,
,,,,,,,
,,,,,,,
,,,,,,,
,,,,,,,
,,,,,,,
,,,,,,,
,,,,,,,
,,,,,,,
,,,,,,,
,,,,,,,
,,,,,,,
,,,,,,,
,,,,,,,
,,,,,,,
,,,,,,,
,,,,,,,
,,,,,,,
,,,,,,,
,,,,,,,
,,,,,,,
,,,,,,,
,,,,,,,
,,,,,,,
,,,,,,,
,,,,,,,
,,,,,,,
,,,,,,,
,,,,,,,
,,,,,,,
,,,,,,,
,,,,,,,
,,,,,,,
,,,,,,,
,,,,,,,
,,,,,,,
,,,,,,,
,,,,,,,
,,,,,,,
,,,,,,,
,,,,,,,
,,,,,,,
,,,,,,,
,,,,,,,
,,,,,,,
,,,,,,,
,,,,,,,
,,,,,,,
,,,,,,,
,,,,,,,
,,,,,,,
,,,,,,,
,,,,,,,
